income,credit_score,age,loan_amount,debt_to_income,employment_months,previous_defaults,savings_balance,years_at_residence,open_credit_lines,target
87417.85,791,33,1000.0,0.1453,72,0,1754.69,9,3,0
71543.39,753,40,11396.15,0.0693,90,2,1999.74,5,7,1
91192.21,684,32,15863.94,0.1527,75,1,8336.49,3,3,1
113075.75,628,38,38876.88,0.1191,73,0,10141.93,3,5,0
69146.17,735,19,25565.53,0.3077,66,1,13448.37,7,4,1
69146.58,711,44,6645.18,0.1948,67,0,1997.33,3,7,1
114480.32,751,42,24860.36,0.0348,52,0,31943.56,3,4,0
94185.87,730,32,4526.96,0.1704,77,0,10181.55,5,4,0
63263.14,763,49,30826.91,0.4151,71,0,18776.24,13,3,0
88564.0,637,53,15288.75,0.4113,69,0,7766.72,6,6,1
63414.56,785,22,19063.64,0.366,69,0,5349.08,5,10,1
63356.76,695,32,33257.97,0.2297,91,0,37802.45,7,3,1
81049.06,846,32,7128.36,0.4542,72,0,8725.64,13,5,1
27167.99,624,30,6028.82,0.2161,72,0,20164.56,6,4,1
31877.05,818,51,14164.01,0.314,67,1,30638.48,6,5,0
60942.81,695,39,30383.79,0.433,73,2,11250.22,2,2,1
49679.22,627,38,4806.54,0.3486,66,0,7961.52,7,3,0
82856.18,641,18,1000.0,0.1668,69,0,35.17,3,4,0
52299.4,654,49,15488.41,0.0703,69,0,408.42,5,6,0
39692.41,713,27,25517.41,0.0773,70,0,2242.08,9,7,0
111641.22,721,42,32002.62,0.2424,65,0,2058.05,5,4,1
69355.59,634,45,15368.39,0.1227,73,0,2940.47,6,7,0
76688.21,678,58,15885.73,0.026,79,0,3637.49,3,4,1
39381.3,850,26,31539.01,0.1705,78,0,4463.89,6,5,0
61390.43,818,18,1302.58,0.3986,68,0,5456.55,7,6,0
77773.06,714,44,16114.79,0.3508,68,0,1041.02,5,9,1
46225.16,683,63,21904.24,0.0977,66,1,432.85,5,3,1
84392.45,689,56,24492.19,0.324,71,0,11206.88,4,9,0
59984.03,729,44,14901.93,0.0935,64,0,7707.52,12,6,0
67707.66,598,36,20344.41,0.4324,63,1,5872.46,5,2,1
59957.33,659,51,1000.0,0.3504,79,0,10063.25,3,9,1
121306.95,546,30,13417.52,0.0851,77,0,17583.99,7,4,0
74662.57,711,47,24535.09,0.2282,81,0,5580.8,0,5,0
48557.23,731,48,10177.06,0.0605,63,0,10247.66,3,5,0
95563.62,641,54,20589.84,0.2181,61,0,30698.57,12,4,0
44478.91,805,75,24468.73,0.159,71,0,18302.37,4,3,1
80221.59,581,46,16574.51,0.3965,78,0,5551.27,8,5,1
26008.25,562,35,21704.64,0.4621,77,0,10348.4,7,4,1
41795.35,697,41,10372.67,0.2588,67,0,1948.85,6,3,0
79921.53,763,20,17933.89,0.6963,82,2,8221.68,8,5,1
93461.66,814,33,26102.16,0.1725,66,0,39807.46,7,6,0
79284.21,643,37,21569.73,0.3552,80,0,7304.65,5,9,0
72108.79,766,35,14134.69,0.3971,68,0,26260.78,5,3,0
67472.41,676,43,22242.16,0.2255,72,0,5231.26,4,5,0
38036.95,666,32,27146.1,0.1504,64,0,67635.05,7,7,0
57003.89,750,55,1000.0,0.5,64,0,8656.45,3,5,0
63484.03,732,42,31590.74,0.2797,87,0,431.88,6,2,0
101428.06,553,41,16637.45,0.2358,84,0,8837.14,3,5,1
83590.46,798,38,24254.9,0.1925,75,0,3209.94,6,7,1
30924.0,790,43,31972.47,0.2275,79,0,330.21,6,8,1
83102.1,629,51,6283.26,0.3626,63,0,17195.5,4,2,1
65372.94,711,31,12905.59,0.2215,80,0,3225.91,4,3,1
58076.95,719,34,17114.51,0.6332,69,1,15923.28,13,6,1
90291.91,700,38,12162.46,0.129,69,0,3399.83,9,3,0
100774.99,635,25,37349.37,0.3257,73,0,2160.77,9,6,1
98282.0,626,32,11432.28,0.1118,58,0,36471.84,2,10,0
54019.56,677,36,14444.53,0.1444,72,1,4488.61,6,2,1
67269.69,773,52,22043.89,0.0073,65,0,9197.37,2,6,0
83281.59,723,45,7978.5,0.1386,72,0,9415.61,3,5,0
99388.63,650,44,16043.19,0.0468,87,2,8220.57,10,3,1
63020.64,741,52,23174.53,0.2008,70,1,24615.31,7,4,0
70358.53,452,40,16671.4,0.1715,80,0,11222.12,3,5,1
47341.63,771,46,19066.13,0.0518,61,0,5170.67,7,5,0
45094.83,540,40,14706.68,0.2704,73,0,19832.62,6,9,0
95313.15,651,45,4855.3,0.5279,78,0,1997.48,9,6,1
108906.0,590,35,23215.93,0.6679,60,1,7857.82,7,4,0
73199.75,576,18,37549.33,0.0614,65,0,30068.01,5,3,1
100088.32,772,40,20184.02,0.3091,74,1,9818.9,9,4,1
84040.9,642,59,22252.64,0.3527,69,0,16980.97,3,2,0
58872.01,707,53,26927.23,0.4036,75,0,10600.48,3,5,0
84034.89,676,53,7306.7,0.2144,76,0,18286.57,6,4,1
113450.91,718,56,37025.15,0.3408,72,0,28911.54,8,2,1
74104.35,686,43,22023.29,0.4124,71,0,3187.21,5,5,0
114116.09,577,44,36318.57,0.5724,79,0,1859.21,6,11,1
9506.37,759,34,12669.67,0.293,70,0,6616.31,9,4,1
95547.56,640,38,38180.62,0.0393,60,0,12102.0,6,6,0
77176.18,555,49,27751.55,0.2233,84,0,2577.24,6,2,0
67524.82,645,56,25530.4,0.3399,78,0,41.1,5,4,1
77294.02,800,40,22340.24,0.1837,67,0,4199.73,8,9,0
25310.78,748,36,17514.71,0.3886,60,0,34692.41,5,2,0
69508.2,652,42,32005.32,0.0846,82,0,11873.37,4,5,0
83927.81,652,49,21403.6,0.6434,74,0,5130.37,10,4,1
111947.35,654,24,1000.0,0.1797,54,0,2139.06,4,5,0
62043.24,846,18,8828.14,0.099,83,0,4401.96,7,3,0
54787.66,710,35,18141.54,0.132,57,0,1861.36,11,4,1
62456.07,714,27,23099.99,0.4865,68,0,1123.92,8,5,1
97885.05,762,35,19434.12,0.1421,82,0,23723.89,10,7,0
83218.78,699,40,32189.71,0.3203,88,0,60534.84,7,6,0
61755.99,659,36,1000.0,0.5835,77,0,1792.64,7,5,1
87831.69,664,59,21435.88,0.1278,70,1,560.65,12,7,0
77426.94,674,45,1820.21,0.5112,86,0,4000.76,11,5,1
99216.12,677,45,27597.12,0.4088,66,0,6192.63,5,9,0
57448.67,738,49,19055.41,0.0406,66,0,2291.88,6,5,0
66808.45,684,28,24196.1,0.4384,74,0,3587.13,5,5,1
65197.3,738,54,11361.17,0.4435,54,2,2242.33,7,8,1
38412.13,673,41,32794.65,0.0359,78,0,14883.74,6,4,0
82403.01,686,50,30417.25,0.26,70,0,12468.04,4,2,1
81526.38,520,29,25835.44,0.2885,69,0,10077.25,7,5,1
75127.84,753,23,18704.83,0.2091,54,0,4897.46,4,3,1
69135.32,707,51,25798.57,0.1851,84,0,23973.46,6,2,1
39615.73,759,46,12931.07,0.0719,63,0,34910.96,9,5,0
64483.87,448,31,28555.56,0.3477,78,0,1907.24,3,8,1
66432.14,847,31,36494.81,0.0091,81,0,2523.31,8,3,0
54943.07,668,55,30706.11,0.2708,78,0,7457.7,6,4,0
70967.86,768,27,12703.98,0.2062,78,0,956.86,7,11,0
85101.27,596,61,23614.17,0.2354,81,0,5734.96,5,4,0
122154.65,729,31,7068.58,0.3703,62,2,8717.75,6,7,1
79364.45,595,49,25723.9,0.2074,86,0,7382.98,4,1,0
81438.76,630,38,24506.03,0.332,82,0,4018.35,10,3,1
73138.85,833,49,1301.84,0.2436,63,0,7818.6,8,2,0
27030.72,664,35,8382.16,0.1829,68,0,31893.4,6,6,1
74337.15,697,40,17168.61,0.2654,59,0,2306.94,8,3,1
76505.76,749,42,16991.4,0.3713,71,0,10637.22,4,5,1
136581.05,719,29,7905.23,0.3393,60,0,443.66,2,8,0
70190.98,692,50,23889.79,0.0161,66,0,687.25,4,8,0
82538.68,709,35,22514.74,0.37,75,2,8025.79,11,2,1
74132.21,850,39,18057.31,0.3093,73,0,1108.64,6,6,0
45783.05,675,30,12442.08,0.0344,81,1,226.0,10,7,0
103570.57,696,18,30487.07,0.4081,65,0,1881.54,8,3,0
93798.33,764,39,36554.07,0.2869,67,2,8320.63,5,4,1
94775.8,768,70,15164.39,0.6274,71,0,12151.72,6,8,0
52265.31,774,51,13878.33,0.13,83,0,2262.47,4,6,1
110069.86,731,41,24912.08,0.3683,89,0,11034.02,8,5,0
39953.72,588,38,16419.71,0.2068,66,0,2014.75,3,2,0
89671.43,810,42,18606.03,0.5018,68,0,9505.13,1,6,1
129761.39,588,48,27396.53,0.257,72,0,5309.6,3,5,1
50236.59,704,27,1000.0,0.6041,72,0,10607.37,5,8,1
60842.56,619,55,33183.02,0.0785,69,0,53089.24,5,3,0
77491.28,674,50,20726.81,0.2956,62,0,27776.73,9,5,0
62413.11,706,50,15885.07,0.3685,78,0,42.91,5,4,0
36233.41,705,47,19107.66,0.3931,76,0,21666.46,7,7,1
76714.07,713,42,19624.29,0.5292,74,1,688.04,5,9,1
48442.41,809,50,2687.99,0.31,72,0,30585.99,5,6,1
86839.81,716,49,34949.38,0.0568,72,1,3310.43,9,13,0
52014.39,660,37,20413.26,0.1555,78,0,4813.23,7,3,1
113748.36,757,35,24430.02,0.095,79,0,961.13,5,7,0
55418.67,775,43,29515.5,0.6595,93,0,1190.91,8,5,0
66948.46,581,60,9788.38,0.2349,71,0,12973.34,12,6,0
95337.93,727,27,24734.72,0.2025,72,0,28883.54,5,11,0
44228.39,736,24,17323.59,0.3412,91,0,9435.3,3,7,1
80686.5,656,43,28467.71,0.3713,68,0,12582.53,4,4,1
107678.57,790,42,1000.0,0.2579,67,0,14353.57,10,8,0
34812.92,667,44,19009.06,0.3284,83,0,3049.15,6,6,1
79615.85,690,44,13971.79,0.4197,67,0,462.84,7,4,1
81497.07,666,39,24322.63,0.1308,71,0,18.74,4,4,1
94545.57,681,59,24700.44,0.3275,71,0,4317.82,8,7,1
44076.23,592,22,12923.74,0.3091,61,0,2763.65,5,8,1
41988.58,564,32,12878.26,0.4433,69,0,643.44,2,3,1
88048.54,807,40,18893.35,0.452,69,0,1978.76,3,8,0
82424.62,612,22,11033.58,0.1766,63,0,1329.59,3,6,0
81262.32,600,39,28419.84,0.0663,71,0,24636.74,6,8,0
83661.21,507,61,16307.93,0.2661,79,0,1511.34,2,3,1
57999.38,628,42,1000.0,0.3501,84,0,7714.3,5,3,0
80806.34,574,44,16251.78,0.5161,87,0,8992.02,4,7,1
82326.81,811,26,9614.56,0.1097,72,0,7841.43,6,6,0
57141.21,760,34,3687.24,0.0626,59,0,1043.13,4,6,0
121644.36,624,37,7625.73,0.1326,63,0,3838.97,5,4,1
86845.82,850,38,21094.08,0.0583,86,0,526.31,5,3,0
45217.41,758,57,33286.41,0.3254,78,1,5036.35,6,7,1
91413.84,654,48,23131.84,0.2886,76,0,2089.93,3,7,0
50632.96,480,28,13934.97,0.3532,83,0,8246.98,8,7,1
94677.12,850,44,24559.04,0.134,76,0,11802.84,2,5,1
103964.89,568,47,15409.1,0.4068,84,0,7595.43,12,4,0
54482.94,548,55,13054.0,0.1563,73,1,5695.79,8,4,1
99084.4,761,60,8456.37,0.297,87,0,4899.34,6,7,0
85319.52,850,29,2481.71,0.6434,65,2,18432.11,4,5,1
95551.5,790,32,16100.76,0.1421,79,0,2476.52,6,4,0
122419.82,725,26,21580.53,0.167,65,0,13250.8,3,3,0
68865.3,727,39,19033.76,0.1297,80,0,14166.81,4,3,1
56156.6,748,47,15840.33,0.1783,85,0,5433.49,5,3,0
52762.14,740,53,10542.54,0.1708,73,0,3528.26,6,6,1
54604.74,702,41,26082.46,0.1853,71,0,6359.0,8,5,1
73072.46,688,38,6828.68,0.2189,73,0,978.49,4,5,0
83528.8,674,43,27760.28,0.3383,66,1,470.18,5,4,1
81917.27,619,31,9977.83,0.4604,74,0,1183.37,5,8,1
95679.58,657,67,12475.65,0.3011,62,0,2072.03,7,7,0
75325.05,544,22,5332.15,0.241,77,0,7015.36,5,4,0
111338.35,672,44,14985.98,0.0419,72,0,18913.81,7,3,0
68383.58,600,66,29753.12,0.6492,75,0,2687.19,4,4,0
143004.23,591,42,25156.28,0.2811,64,0,27358.64,12,7,0
90641.68,694,39,29784.22,0.2913,74,0,30990.48,3,9,0
53571.06,791,37,25221.43,0.5463,76,0,31918.59,0,8,1
48227.69,753,39,8963.3,0.1897,78,0,18174.63,10,3,0
87061.81,554,58,16692.11,0.2486,79,0,4522.82,14,5,1
69413.43,600,18,12198.01,0.4392,64,1,754.61,6,6,1
92850.01,755,60,33305.75,0.4636,69,0,8412.27,5,7,1
86830.94,601,24,8032.11,0.2673,81,0,8179.88,3,6,1
73179.28,662,38,28936.98,0.2819,74,0,18969.58,3,5,1
53830.16,724,36,28929.54,0.5693,65,0,55192.26,7,8,0
37128.82,602,49,38296.2,0.2237,77,0,7095.96,6,7,0
63837.13,688,22,15903.13,0.2306,66,0,4234.32,5,4,1
96409.97,573,47,27123.22,0.3532,67,0,2056.74,4,6,0
80352.34,631,66,42816.52,0.2321,66,0,48.11,6,9,0
43856.53,705,25,13823.58,0.2384,77,0,7115.43,10,6,0
79329.52,552,44,4649.6,0.3653,59,0,8108.47,3,5,1
84632.93,715,34,1199.9,0.4133,59,0,17426.18,2,4,0
52903.56,678,47,27127.12,0.1413,59,0,7023.43,5,3,1
78843.13,724,42,1168.5,0.2789,84,0,24825.3,7,1,1
76455.22,697,34,16276.81,0.477,57,1,9890.86,7,6,1
46425.74,789,47,24373.13,0.3618,72,0,18346.85,10,3,0
83944.68,690,63,21851.76,0.2962,74,0,1605.23,7,4,0
89019.61,645,39,24254.45,0.3462,75,0,19333.42,8,4,1
102076.28,689,50,22222.9,0.1085,50,0,11243.73,8,8,1
101345.05,723,26,32788.66,0.2269,60,0,1866.1,7,3,0
40558.27,683,30,10476.84,0.1505,74,2,2104.29,3,4,1
51554.37,683,47,13230.05,0.2945,87,2,26104.78,7,2,1
87875.88,623,59,12273.41,0.5362,75,0,327.46,6,5,0
87844.65,626,46,28301.92,0.1375,80,0,6208.92,5,7,0
87876.19,567,38,29003.99,0.2643,82,0,3761.13,9,9,1
171318.29,819,41,24512.25,0.1667,84,0,10938.56,4,8,0
89272.26,580,26,31834.94,0.1288,66,0,18302.68,9,10,1
103389.14,624,49,8219.59,0.3269,80,0,4468.78,5,6,0
98850.04,622,52,36672.24,0.1158,65,0,5566.99,5,14,0
91284.78,751,36,35232.39,0.3384,85,0,40128.26,9,3,1
67118.27,656,36,27356.22,0.3598,73,0,15320.9,7,6,0
93974.23,779,45,37817.99,0.1738,71,0,22750.1,4,8,0
55679.37,626,36,3433.77,0.2783,86,0,5776.11,9,4,1
69079.53,702,41,14755.52,0.6742,70,0,2666.73,6,6,1
62865.91,613,67,12646.97,0.0364,72,0,5307.96,4,8,0
77046.85,850,39,27214.79,0.2245,72,0,12591.05,5,9,0
132866.46,584,37,9498.59,0.5983,72,0,1158.94,4,6,0
28318.37,704,34,27574.95,0.3466,63,0,3153.54,10,9,1
92156.5,730,50,33705.36,0.4032,79,0,477.58,5,1,0
34682.1,713,39,26952.03,0.528,75,2,5662.46,7,6,1
63201.7,665,34,22837.51,0.4599,77,0,17570.44,6,6,1
102223.76,669,57,10121.27,0.3355,69,0,249.73,3,7,0
76607.0,683,59,11531.49,0.3901,75,0,11249.26,6,4,1
48056.38,668,34,32496.19,0.1465,63,1,26955.67,8,13,0
57117.41,757,19,27793.49,0.2336,75,0,2704.03,9,3,1
91989.94,850,54,19609.8,0.5356,65,1,11829.78,13,5,1
56740.83,635,33,15820.9,0.5459,78,0,36929.64,5,4,1
80411.46,570,51,1000.0,0.2932,64,2,32775.13,7,4,1
76139.3,672,18,9291.48,0.2606,72,0,2677.87,6,8,1
58709.99,850,52,39114.19,0.1462,67,0,1057.28,7,3,0
128598.6,615,27,7195.44,0.3836,62,1,1605.0,4,2,0
90847.98,811,50,21894.8,0.0372,80,1,12107.81,5,4,0
24371.44,814,42,30074.44,0.1527,60,0,12937.48,10,5,0
79661.36,635,30,7450.77,0.3291,85,0,11215.84,1,5,1
58455.34,725,37,21847.1,0.3034,75,0,4095.91,7,6,0
96310.83,810,50,29379.16,0.2662,73,0,1860.61,7,7,0
55186.98,649,43,20124.99,0.2394,76,0,8693.14,4,6,1
72131.59,663,49,48684.03,0.0673,96,2,6610.29,3,4,1
87624.68,633,65,3314.01,0.5421,77,0,13050.25,4,10,1
96643.88,598,23,30587.29,0.1669,63,0,5822.5,1,7,1
44992.59,628,61,18271.98,0.3125,72,0,4134.56,5,5,1
66637.47,582,43,27719.2,0.5755,83,0,3474.02,4,2,1
63126.37,682,31,24413.07,0.4251,80,0,2375.85,9,5,1
58666.77,618,26,12668.44,0.6035,79,0,3089.01,8,4,1
119136.36,698,39,22289.96,0.1644,81,0,996.33,4,3,0
85124.54,555,53,1420.99,0.2087,73,0,4259.59,8,2,0
43477.9,706,40,26032.48,0.4807,71,0,372.55,1,2,1
97946.55,746,60,22981.58,0.2508,62,0,2063.03,3,6,0
128053.9,520,24,26386.6,0.137,77,2,13734.59,6,12,1
100811.63,709,41,30581.18,0.6245,88,0,3937.38,8,7,0
37015.75,778,26,23676.2,0.1918,74,0,11033.34,6,1,1
62894.15,583,46,21480.89,0.2992,83,0,12618.99,7,8,1
106672.78,813,52,11189.32,0.2685,77,0,8703.27,5,4,0
57308.26,713,36,12877.79,0.3145,81,0,31868.38,4,3,0
86095.49,623,18,31867.35,0.1664,71,0,216.73,4,10,1
94365.85,675,44,34363.35,0.0352,67,0,13419.05,7,2,0
51826.74,724,47,17618.9,0.3459,69,0,31889.93,4,7,1
73511.87,686,46,20460.03,0.3485,87,0,19824.73,4,3,0
-6031.68,723,56,10953.86,0.0821,75,1,1837.94,8,5,1
49390.31,606,29,31727.57,0.2157,68,0,3957.43,6,5,0
68685.8,693,50,26654.17,0.0827,70,1,1892.88,6,9,1
43805.42,566,56,39412.17,0.4167,87,0,9195.67,5,2,1
115810.28,671,20,11216.77,0.088,60,0,12454.48,6,7,0
39246.47,607,45,16219.92,0.3531,70,0,3813.68,6,5,1
63998.89,621,35,22314.46,0.3824,75,0,7754.57,4,6,0
78268.51,778,41,26464.9,0.2538,72,0,11741.57,2,4,0
111031.83,767,46,17843.32,0.6067,67,0,5470.4,6,5,0
39103.45,728,36,11270.39,0.0193,83,0,19242.55,6,6,1
104079.09,592,33,28814.08,0.4187,86,0,14764.38,4,10,0
75255.83,654,42,27211.35,0.3404,66,2,668.51,4,7,1
50462.28,777,28,10837.26,0.4849,85,0,9705.5,4,2,1
86552.59,691,28,33554.43,0.6147,85,0,2683.05,8,7,1
79976.49,850,50,31701.99,0.2824,92,0,8153.56,5,5,0
59994.58,711,28,21342.96,0.2387,77,0,31439.64,5,9,0
76745.05,695,49,20795.98,0.5367,71,0,21124.77,4,4,1
65367.16,655,47,25540.58,0.1688,77,0,5183.81,5,7,0
77837.93,690,21,11382.97,0.4219,73,0,3446.25,5,3,1
91553.27,667,33,20300.31,0.3265,92,0,2671.03,6,7,1
114650.42,736,56,1000.0,0.5665,64,0,7603.88,7,6,1
44054.61,756,30,28764.56,0.0715,70,0,1213.19,8,3,0
128325.83,617,36,4385.07,0.0615,72,2,7968.98,8,5,1
26197.81,573,47,35034.2,0.2077,77,0,13.35,12,4,0
71205.37,533,51,16698.8,0.2782,58,0,3913.4,4,7,0
89707.93,720,38,17883.33,0.3876,62,1,2483.77,2,6,1
82024.8,591,34,13722.66,0.1373,65,0,35480.33,4,3,0
59432.51,507,59,17119.61,0.0426,68,0,12991.71,3,3,1
69796.94,711,62,34185.31,0.7027,61,0,4302.5,11,2,1
62674.98,850,53,1000.0,0.2032,61,0,974.42,8,6,1
60265.88,679,43,32769.65,0.4637,85,1,7273.26,8,5,1
96240.05,747,32,23380.23,0.1202,72,0,2400.96,6,6,0
83925.39,686,32,7929.78,0.2283,72,0,7687.97,11,5,0
57677.26,672,48,9246.88,0.0895,74,0,18040.08,3,6,0
97490.0,753,47,36763.93,0.6489,59,1,9565.73,3,3,1
82682.49,656,58,10544.93,0.1863,70,0,10045.44,2,5,1
95321.55,701,49,8466.49,0.0698,80,0,7787.71,6,8,0
90740.72,705,23,31373.15,0.5452,59,1,26209.41,4,6,1
54275.12,626,54,23385.53,0.2077,81,0,26868.17,14,4,1
60995.47,759,30,10620.74,0.5847,74,0,7189.23,5,4,1
93682.34,666,37,22166.25,0.3427,69,0,3649.37,5,2,0
90259.26,619,45,9742.47,0.2875,72,0,6154.22,8,6,0
74477.46,722,65,31008.21,0.4203,63,0,2064.81,8,10,1
77933.18,608,79,30613.71,0.1574,81,0,10115.48,7,5,0
106941.62,682,49,25320.06,0.1948,80,0,6933.32,6,3,0
60210.72,679,39,23616.61,0.3007,65,0,1090.34,10,7,1
88677.43,766,48,37611.88,0.4173,84,0,2202.08,4,6,1
69945.18,717,52,19996.86,0.2791,84,0,6532.19,9,5,0
69557.97,677,38,8181.26,0.0444,76,0,21855.93,8,6,0
102469.42,745,63,24494.74,0.3087,72,2,8356.11,6,1,1
95635.41,791,44,40860.47,0.2199,72,0,11442.43,6,5,0
95337.74,724,47,9852.41,0.278,63,1,4140.45,10,4,1
107636.97,680,49,16385.37,0.248,62,0,8472.58,8,9,0
75525.1,575,47,24164.46,0.2439,100,0,5930.84,9,9,1
92048.82,594,52,19460.95,0.2867,66,0,10762.54,4,6,0
67243.33,655,34,10176.96,0.4568,75,0,518.99,4,9,0
83104.16,631,35,31218.58,0.1158,80,0,6798.37,8,7,1
71746.42,665,28,43200.41,0.2133,65,0,3509.66,6,2,0
77424.9,684,47,21961.31,0.109,89,1,3948.0,4,3,1
89878.93,722,51,10959.32,0.207,77,0,32420.79,4,4,0
54544.48,674,47,4510.39,0.2786,70,0,2017.43,6,5,0
127309.68,718,62,22579.76,0.1169,63,2,3728.7,10,8,1
49849.57,685,41,31038.77,0.3155,74,1,7131.31,6,4,0
44645.28,521,50,24751.68,0.3162,79,1,19879.71,5,4,1
103952.77,604,28,19975.96,0.1342,67,0,5390.02,2,4,0
94791.57,668,37,14107.28,0.223,59,0,13620.52,8,3,1
90603.0,583,50,9078.36,0.0439,62,0,19405.43,6,2,0
90708.64,727,52,28347.51,0.1366,75,0,3710.87,5,5,0
74693.83,802,38,29137.72,0.1935,85,0,4988.15,10,9,0
52568.64,777,41,4542.7,0.1754,66,0,4409.21,2,6,0
76895.11,662,23,35898.39,0.0591,71,0,17888.98,10,3,1
58070.96,799,37,25740.71,0.1025,77,0,453.6,1,4,0
99377.99,691,52,33995.95,0.2222,66,0,3687.78,6,3,0
71323.57,653,48,6578.72,0.5,69,0,11375.88,4,4,1
54362.57,630,48,6341.76,0.4009,81,0,8334.29,7,3,1
66965.35,655,42,18510.31,0.2714,65,0,5732.14,3,5,1
85323.29,648,42,25027.84,0.3617,72,0,7764.16,4,6,1
60906.89,693,34,37963.61,0.5253,62,0,2201.29,5,8,1
54444.49,692,50,27060.79,0.0937,70,0,5633.77,5,2,0
81092.18,680,47,17573.19,0.5417,80,0,6965.59,4,6,1
81124.16,714,47,9736.31,0.376,74,0,23145.48,3,4,0
62326.42,775,35,32300.01,0.4574,80,1,3022.34,7,5,1
63224.04,755,18,10352.95,0.1011,77,0,20236.55,9,5,0
80801.25,561,55,36284.69,0.1983,67,0,10335.03,11,7,0
38797.89,475,36,17156.15,0.4418,72,0,205.51,7,7,1
39813.41,754,31,35905.82,0.2546,65,0,12896.44,9,6,0
57038.89,570,50,26789.31,0.2312,79,0,361.99,5,5,1
69663.82,662,37,18630.05,0.5268,75,0,59450.11,7,2,1
82772.69,586,54,14806.04,0.2333,65,0,20607.12,7,1,1
111883.91,535,49,16590.92,0.3112,65,0,3528.87,4,4,1
96441.49,723,50,24283.17,0.5247,75,0,2976.13,6,4,1
71001.54,740,25,20771.56,0.5597,73,0,4803.63,4,2,1
74524.59,633,56,14061.89,0.13,67,0,4403.16,5,5,1
49936.77,472,45,18343.69,0.2267,49,0,4657.53,6,8,1
74537.17,636,37,20785.77,0.3942,78,0,3831.31,3,5,0
67783.53,711,43,1000.0,0.5966,80,0,9705.71,5,7,1
83067.96,561,20,24581.68,0.1326,71,0,1794.42,7,7,1
54319.23,694,46,10202.79,0.4026,77,0,18706.81,9,6,1
87983.66,678,29,8466.68,0.2386,60,0,16734.56,7,6,0
113318.47,726,25,3126.56,0.5208,68,0,6471.86,6,5,1
72281.0,689,23,2061.08,0.145,76,0,19154.87,6,5,0
85042.79,602,55,6445.52,0.5301,75,0,2838.83,7,4,1
92253.6,775,34,12909.79,0.3911,78,0,177.22,3,10,1
64969.49,667,60,39532.59,0.213,73,0,9655.02,7,2,1
80602.31,677,35,14741.2,0.0689,83,1,6123.22,10,8,1
75314.81,605,21,21777.5,0.3495,70,0,8373.98,6,2,1
77441.9,644,28,24004.81,0.2539,74,0,22960.01,8,4,0
55674.76,609,56,21310.65,0.05,84,0,35040.8,5,7,0
75612.75,666,40,19225.57,0.539,78,0,10063.61,5,3,1
87449.96,816,35,8047.06,0.218,92,1,14441.59,9,6,0
111278.59,570,43,34509.28,0.5118,74,0,875.3,3,10,1
98981.77,550,48,38071.97,0.3638,68,0,1752.06,4,5,1
128829.56,797,55,3173.41,0.5445,73,0,13212.74,11,4,0
55816.31,663,59,9759.71,0.0214,59,0,5645.17,6,4,0
96808.02,626,37,17201.9,0.3039,78,0,5905.28,10,7,1
79583.55,763,26,10354.62,0.652,85,0,3690.48,2,4,1
129745.07,631,37,25059.66,0.1411,67,0,9348.53,5,1,0
54792.54,826,45,12717.28,0.2988,70,0,2047.7,3,4,1
54006.95,734,30,41650.56,0.0944,74,1,9859.52,8,2,1
60015.18,640,30,31905.49,0.6359,79,0,1909.17,7,12,1
21902.61,850,46,22125.74,0.2182,58,0,659.54,6,4,0
61856.12,631,41,30269.86,0.3155,82,1,4010.12,7,7,1
56021.68,739,42,31059.0,0.2607,87,0,2628.47,7,8,0
78759.84,703,32,14360.53,0.4224,75,1,21981.5,7,6,1
83543.9,784,39,11837.83,0.1708,67,0,565.21,8,8,0
121904.27,804,30,20781.43,0.2566,85,0,1943.3,7,4,1
98760.6,682,52,28616.36,0.2652,61,0,7956.66,4,1,0
60577.41,619,54,21390.6,0.0607,70,0,6559.81,12,3,0
52539.63,716,19,4230.04,0.0398,71,0,469.37,7,4,1
87297.98,625,30,11971.76,0.3354,73,0,72.79,7,4,1
41994.17,841,24,19260.27,0.0461,57,0,44285.27,6,5,0
120786.47,690,34,19243.34,0.2288,80,0,10753.88,12,6,1
104486.0,650,40,39725.42,0.1277,79,0,4547.7,5,7,0
63270.61,694,24,6140.12,0.288,70,0,6356.94,8,7,0
32171.64,572,30,25055.89,0.4148,83,2,3099.96,2,2,1
108846.81,602,29,34891.13,0.4125,73,0,4229.27,12,6,0
72136.5,776,44,42714.5,0.3238,58,0,10470.96,3,6,1
105945.41,627,42,15956.03,0.3135,63,0,21439.74,4,4,1
35139.31,596,33,24914.29,0.44,76,2,2035.0,4,6,1
60015.62,722,44,25697.6,0.3213,70,2,18348.43,2,8,1
75131.09,774,35,21954.82,0.1806,76,0,1296.04,6,6,1
76174.51,737,38,19011.55,0.0457,78,1,2420.62,10,2,1
63748.36,759,62,24359.75,0.4857,73,0,378.84,4,3,1
90571.25,619,58,1000.0,0.6518,61,2,1517.67,8,9,1
48309.49,566,26,26820.69,0.1931,69,0,24925.74,6,6,0
71440.51,800,51,21261.78,0.2061,61,0,6151.47,4,8,0
78007.39,654,51,17775.25,0.0412,68,0,808.48,6,3,0
87860.97,659,28,40468.62,0.2057,75,0,32120.7,9,5,0
92790.37,786,51,13250.66,0.2511,82,0,21119.01,2,9,0
46883.95,724,60,15969.24,0.1371,64,0,14052.02,7,5,1
36647.15,716,28,39915.53,0.1303,73,2,27101.44,6,2,1
106941.92,850,30,11679.39,0.2723,64,0,2486.27,6,7,0
83307.85,628,54,14498.85,0.2461,69,0,18101.43,9,2,1
56287.84,754,45,18529.75,0.1412,71,0,11711.55,4,2,0
113778.8,684,48,28407.34,0.4861,79,0,20383.71,3,6,1
77891.87,701,46,22078.03,0.0148,74,0,15941.14,5,5,1
104482.43,802,46,7073.75,0.454,71,0,4254.05,4,7,0
76687.96,720,26,14678.31,0.1423,64,0,14889.85,6,6,0
126518.7,723,54,13926.46,0.2415,84,0,3044.3,11,5,0
118883.52,765,56,19227.79,0.3341,82,0,3983.79,10,7,1
68775.9,650,39,24258.44,0.2811,69,2,1141.83,8,5,1
99289.27,612,41,24182.06,0.2061,70,0,27345.47,1,5,1
91134.4,596,23,2239.88,0.1851,71,1,3439.04,5,9,1
109215.79,522,48,30639.41,0.2459,71,0,7352.67,5,7,1
50876.91,844,48,22525.69,0.4383,84,0,4964.84,11,3,0
92151.29,591,41,33845.32,0.3491,74,1,32170.8,7,7,1
101460.61,662,55,24441.98,0.118,77,0,4080.42,5,6,0
31031.51,657,37,31013.23,0.5548,86,0,15075.4,9,7,1
45418.54,704,48,24665.45,0.0768,64,0,19338.96,6,3,0
24019.2,745,29,33462.26,0.484,83,0,5720.04,5,4,1
68264.83,748,41,25222.51,0.3677,63,0,4750.91,5,7,0
92938.56,633,39,19020.85,0.0813,71,0,13773.18,2,8,0
112558.93,666,44,42724.35,0.4555,65,1,24406.52,7,5,1
76852.37,702,37,28890.37,0.374,70,0,14062.18,11,5,0
115715.39,660,40,25737.44,0.3404,71,0,2576.4,6,5,0
40497.46,808,51,7236.96,0.1468,80,0,21920.08,9,4,0
32415.44,719,36,7116.92,0.2673,78,0,4903.4,6,5,0
73611.31,738,22,22927.15,0.1605,92,2,8585.63,11,5,1
84601.64,733,62,21455.21,0.3051,84,0,17804.38,5,3,0
74182.63,773,58,13858.77,0.1039,78,0,2087.41,5,3,0
23313.95,694,26,21409.83,0.5856,63,1,15348.41,7,3,1
72772.0,576,50,35886.27,0.2828,59,0,9067.43,15,3,0
42388.26,711,35,26954.02,0.2135,75,0,22381.24,7,6,0
91741.81,627,45,8589.91,0.356,76,0,1887.06,14,6,1
84164.96,637,45,18884.91,0.5735,73,0,5459.04,1,6,1
51503.01,726,39,11950.34,0.164,89,0,17888.22,1,5,0
62153.33,779,32,16123.0,0.4138,100,0,194.19,9,3,1
48519.66,681,33,15863.84,0.2933,66,0,1190.1,3,6,1
73433.02,704,31,15223.54,0.2421,76,0,46633.52,5,6,0
98878.56,816,32,7448.65,0.0271,72,0,3290.52,3,5,0
50356.85,699,41,18723.45,0.3307,77,0,37108.47,7,4,0
87601.16,850,33,14393.92,0.4027,69,0,2015.43,6,5,1
61743.56,725,50,1000.0,0.4903,63,2,4479.99,6,6,1
55178.18,539,59,40529.72,0.4097,69,0,13978.39,8,4,1
72324.24,740,35,30887.7,0.2317,79,0,10722.97,10,4,0
49118.94,710,44,16236.99,0.1382,69,0,8701.77,5,4,0
61158.77,783,47,20188.19,0.0314,79,0,7548.08,9,6,0
45053.05,733,47,8283.46,0.4213,65,0,18543.19,9,4,1
124118.13,668,42,36957.23,0.3324,62,0,2678.12,7,3,0
75881.59,582,50,38972.89,0.2614,65,0,5842.41,5,4,1
57506.86,663,47,21566.94,0.136,71,0,1689.54,7,6,1
80349.5,611,27,30235.31,0.0586,83,0,9061.96,11,4,1
72191.8,633,52,21752.87,0.6014,71,0,2884.08,4,3,1
69475.76,727,52,6632.75,0.5426,70,0,4062.28,2,6,1
90354.17,813,32,15881.77,0.6298,73,0,6372.41,10,6,1
93937.69,711,42,21319.28,0.5844,62,0,271.35,1,3,1
61737.47,584,50,15454.52,0.2624,63,0,964.43,5,3,0
60604.54,715,39,17813.47,0.1372,68,0,11581.37,8,2,1
68123.71,775,54,19086.0,0.2121,52,0,5603.13,2,3,0
17451.97,631,70,19191.22,0.1438,77,0,20009.28,9,5,0
37120.22,669,32,20522.58,0.165,80,0,11863.69,6,7,1
109171.86,681,25,9393.95,0.3507,74,1,81.34,7,3,1
116124.19,617,45,12829.84,0.1237,72,0,9589.69,7,3,0
68774.1,731,50,7154.16,0.3001,71,0,984.12,9,6,1
89413.92,670,39,29778.16,0.0882,70,0,15183.78,11,7,0
82781.25,713,59,1000.0,0.2814,64,0,47685.94,7,3,0
151972.02,609,25,31535.9,0.2628,67,0,7575.76,7,6,0
102989.37,645,50,33863.49,0.5717,80,0,11481.58,3,8,0
71802.06,737,34,16978.19,0.0979,93,0,2709.09,9,3,1
51111.49,650,62,1000.0,0.1809,86,0,5755.38,2,3,1
34838.84,818,65,16386.89,0.1919,78,0,19386.04,6,5,1
80086.59,648,32,19358.16,0.4379,64,0,1832.3,8,5,0
56091.23,697,35,9894.02,0.2766,78,0,3086.14,3,7,0
39443.66,754,52,14847.82,0.3601,80,0,5895.69,5,9,1
58835.68,566,37,35301.95,0.2982,81,0,12456.59,5,4,1
47961.3,539,41,26649.27,0.1103,63,2,4714.19,3,6,1
117178.54,557,42,10754.36,0.1519,70,0,26273.78,3,6,0
97040.99,781,18,4024.01,0.3903,79,0,992.21,7,5,0
74800.68,635,41,16729.83,0.3311,68,0,4633.13,7,6,1
111998.6,850,33,17865.43,0.2009,67,0,12342.74,7,10,1
76934.21,634,36,24961.99,0.049,79,0,2561.66,5,4,0
53467.89,694,59,14646.83,0.1233,76,0,10683.15,5,3,1
113078.1,803,26,25115.0,0.3349,60,0,1793.86,7,8,0
88472.75,840,51,39351.54,0.1397,77,0,576.08,9,6,0
49068.85,844,38,28155.01,0.5791,84,0,1289.88,10,7,1
70241.53,776,38,19519.11,0.7419,64,2,26590.43,12,5,1
53109.54,761,51,18168.5,0.2298,72,0,8024.06,7,6,0
40430.01,727,46,16433.27,0.4154,92,1,15913.32,8,2,1
98154.44,742,48,31806.41,0.3325,77,0,4044.47,10,4,0
122735.42,635,53,13726.87,0.4265,82,1,8981.04,3,4,1
40035.81,614,38,20452.23,0.6609,65,0,6831.02,4,5,1
89074.23,679,34,20511.98,0.2931,68,2,29139.3,7,6,1
58733.94,666,28,14982.16,0.0133,72,0,13766.4,6,6,1
62821.87,643,32,6275.34,0.3371,74,0,13113.45,6,3,1
60190.15,735,77,23229.75,0.517,76,0,474.62,5,6,1
53400.23,756,56,19389.96,0.0572,82,0,7977.74,8,3,0
76213.04,687,25,25002.4,0.6069,83,0,6292.18,7,7,1
54226.25,798,26,14664.0,0.6436,61,2,26289.01,8,3,1
81761.42,588,47,32208.21,0.4402,74,0,2975.2,6,6,1
73744.05,664,48,11232.26,0.0791,89,0,3144.83,7,9,0
69026.3,622,48,37120.4,0.2641,72,0,5299.17,6,3,1
52310.91,530,38,2523.63,0.1451,75,0,2788.81,9,5,0
60580.72,673,40,24347.7,0.3446,66,0,1383.24,4,7,0
93884.78,670,45,24754.31,0.1206,77,0,19478.16,6,2,1
87522.93,801,43,12044.43,0.5178,81,0,8170.71,9,4,0
50561.12,730,18,24243.94,0.2291,91,0,19758.94,5,4,0
77483.31,598,39,32795.19,0.2115,60,0,17786.54,10,12,0
93784.68,828,31,1000.0,0.1963,73,0,3313.45,6,3,0
33264.87,777,44,25027.45,0.1824,56,0,7934.92,6,4,0
88584.0,726,77,1000.0,0.2523,74,0,868.85,6,7,0
58434.41,661,46,10343.35,0.0407,86,0,24680.72,8,6,1
89264.97,603,38,36291.66,0.3578,71,0,5179.56,3,9,1
55918.52,650,53,14182.18,0.1555,69,0,5003.41,5,6,0
29877.95,767,47,8261.2,0.4236,69,0,3606.19,5,3,1
34311.44,830,47,18020.62,0.4469,72,0,6174.16,4,3,0
76202.12,803,49,40679.06,0.4449,54,0,2900.31,6,1,0
81493.06,640,66,1683.18,0.3495,81,0,4697.67,6,4,1
52392.08,590,28,9486.9,0.316,82,0,16091.73,4,4,1
90964.81,691,47,34974.32,0.4976,81,0,17973.08,5,2,0
33462.0,538,30,38577.02,0.353,75,0,3626.68,4,2,0
73348.01,705,48,18965.69,0.3485,56,0,6330.2,6,8,0
44724.6,668,30,7609.47,0.3984,61,0,20700.44,9,8,1
58704.1,642,36,40958.44,0.5925,72,1,541.11,5,6,1
76184.97,552,38,35944.42,0.6536,80,0,21995.32,3,7,1
53489.67,721,53,26789.47,0.068,75,0,2474.16,8,1,1
65386.11,637,53,11875.98,0.4472,71,0,11348.8,5,6,0
100157.32,586,27,19509.71,0.1159,82,0,8735.95,1,5,1
60577.7,450,42,18396.4,0.2814,64,0,8050.64,4,7,1
95892.3,677,33,23308.51,0.1196,83,0,19615.53,5,11,0
46757.33,821,26,34510.01,0.1989,59,1,1071.09,10,1,1
88245.1,812,39,28794.17,0.0704,75,0,4262.21,8,5,0
111039.22,643,38,9226.24,0.4552,78,0,7727.38,3,5,1
13208.89,631,71,33764.96,0.3796,67,0,16675.38,5,5,1
55077.62,717,47,23131.32,0.6618,79,0,2439.12,6,3,1
89426.8,600,25,26870.66,0.4406,81,0,16241.95,9,4,1
69923.87,704,35,34665.41,0.0695,74,0,5102.23,7,6,0
84278.65,741,54,8884.2,0.5096,83,0,2093.81,4,7,0
59900.37,778,67,19641.74,0.1493,64,0,14229.02,7,7,0
77164.74,671,22,14685.45,0.3147,70,1,952.99,6,2,1
71108.07,663,19,4321.41,0.1039,85,0,7231.27,7,5,0
104194.55,609,64,23467.1,0.5929,43,0,660.07,6,8,1
81360.52,613,46,45115.57,0.1493,75,0,4407.06,11,6,1
83440.07,661,31,1599.22,0.173,67,0,9189.86,6,8,0
64703.08,709,48,19677.19,0.5398,68,1,8121.91,7,4,1
62809.84,753,18,26405.43,0.2064,63,0,5186.15,2,4,0
64186.05,615,42,21230.78,0.5549,65,0,5604.5,6,3,1
84861.3,799,45,18868.72,0.2647,83,0,2571.78,5,2,1
64475.39,658,53,7007.84,0.2075,70,0,6085.9,6,4,0
82244.37,678,29,22327.87,0.0537,73,0,30630.45,6,5,0
126885.02,620,43,12432.36,0.4452,67,0,19001.44,6,5,0
96778.12,486,30,1000.0,0.6185,72,1,1569.26,10,3,1
66849.41,750,45,31945.92,0.308,84,0,302.33,9,4,1
105030.35,738,31,29583.86,0.6202,62,0,27109.19,7,3,1
64798.12,657,37,20516.61,0.1591,76,0,7481.31,13,9,1
24046.89,685,30,22290.75,0.3646,69,0,7718.39,6,2,1
49797.84,721,49,30743.18,0.1977,65,0,15173.97,5,7,1
28230.2,554,52,22243.4,0.5661,78,0,3778.82,6,5,1
66212.16,637,39,29040.18,0.2127,89,0,6576.02,13,6,0
75460.46,743,42,17025.18,0.3177,71,0,34629.53,5,5,0
116910.93,579,24,33119.84,0.4541,77,0,11151.95,8,11,0
83173.18,703,38,23207.86,0.5453,84,0,1669.35,6,3,1
69522.49,571,41,21940.52,0.6097,67,1,1429.78,3,3,1
95735.14,717,73,7299.39,0.0541,49,0,2284.89,3,5,0
19721.62,677,28,22869.56,0.4588,83,0,14554.8,4,5,1
80890.36,550,59,11680.45,0.2797,76,0,3500.92,2,3,0
94271.63,773,53,13617.17,0.3073,82,0,216.21,7,6,0
38035.34,621,45,11846.24,0.3262,83,0,28855.22,10,5,1
103593.85,615,63,9337.65,0.1072,87,0,1859.84,9,6,0
83462.41,696,46,41247.71,0.3771,66,1,96.04,5,2,1
64617.8,771,46,33313.39,0.1641,73,0,2706.7,8,5,0
90819.55,598,41,39203.68,0.0933,74,1,2679.17,3,6,1
131767.32,684,56,7771.05,0.4292,75,0,5481.9,11,2,1
79546.66,714,55,20712.54,0.4391,76,0,25306.13,6,8,0
81205.51,735,34,7064.92,0.4907,72,0,21134.94,3,5,0
63515.98,694,26,13043.05,0.2338,94,0,6104.52,2,5,0
53753.89,650,39,10818.73,0.5874,76,0,5291.59,6,12,1
95758.4,613,32,32395.84,0.2735,69,0,8097.01,10,4,0
53597.9,686,41,16037.7,0.5338,77,0,2789.92,7,7,0
76789.16,594,56,30683.79,0.4978,85,0,535.96,5,5,0
63058.56,446,36,26041.21,0.1964,71,0,28005.63,10,3,0
86974.5,714,41,43036.39,0.207,62,0,2066.54,5,8,0
83341.55,752,42,5205.56,0.3093,81,0,2211.46,3,3,0
100938.5,490,52,32592.33,0.6465,66,0,6395.31,3,3,1
62249.59,599,18,31464.41,0.2202,70,0,6765.13,4,6,1
68253.13,729,34,10266.21,0.3283,75,0,186.06,2,4,1
50530.91,844,44,30071.33,0.3325,87,0,1601.16,5,7,0
63892.67,681,56,23361.45,0.2143,74,0,4750.64,4,5,0
84432.51,621,36,17725.24,0.573,87,1,11511.61,7,4,1
93924.72,665,19,11760.65,0.2052,69,1,2593.13,7,3,1
51945.87,789,49,12808.91,0.3414,70,1,5499.38,7,3,1
96740.15,628,34,40498.12,0.3697,76,0,8149.65,9,6,1
108890.95,616,27,20006.83,0.4457,74,0,21945.61,5,4,1
85335.87,641,34,27821.3,0.3298,62,0,3946.3,9,3,1
121919.9,603,39,12091.01,0.1697,79,0,1433.6,6,7,0
55655.27,689,34,12201.47,0.5634,48,1,6719.19,5,2,1
43883.63,809,18,30819.85,0.0102,53,0,13732.66,6,7,0
30531.99,705,52,6504.24,0.2498,72,0,1163.76,8,3,1
112401.11,659,57,15847.86,0.282,66,0,5528.35,12,6,0
91359.14,656,49,20340.27,0.4026,69,0,179.45,4,5,0
73610.38,554,28,21113.73,0.1954,67,0,341.35,3,4,1
81999.22,750,39,18209.07,0.3993,70,0,6596.22,7,3,0
46862.77,673,41,23958.2,0.321,61,1,3541.03,8,4,1
136143.8,665,49,26928.56,0.3995,69,1,18650.23,6,6,1
78230.53,850,50,27346.38,0.4488,78,0,9216.91,6,6,0
77734.87,703,33,10141.96,0.3786,85,0,6050.14,4,3,1
93144.17,619,42,17158.45,0.4651,71,0,5241.39,5,3,1
87025.23,645,47,31947.63,0.3455,50,0,6876.53,15,4,0
80597.1,771,59,28946.47,0.1646,71,1,412.79,7,7,0
55238.14,689,50,6271.41,0.1366,77,0,22329.97,2,5,1
86786.71,564,51,23514.8,0.3672,66,0,63789.85,3,6,1
122050.61,753,43,1000.0,0.1467,79,0,2002.66,7,4,1
108635.5,626,58,20469.35,0.0396,78,0,1282.69,4,2,0
114829.67,829,46,38977.67,0.5968,80,0,1549.91,5,4,1
62219.61,766,31,10521.07,0.643,67,0,10818.35,6,6,1
50259.88,644,58,11656.77,0.1453,75,0,10830.56,5,6,0
71855.33,782,50,27640.3,0.2152,74,0,18833.76,8,7,0
76393.12,685,36,4571.98,0.1681,87,0,13936.27,9,6,1
102354.79,748,36,13672.45,0.3587,79,0,5972.73,9,2,1
32688.38,718,45,25964.41,0.1612,78,0,9489.57,5,6,1
113238.76,612,47,13657.14,0.1981,69,0,11656.65,7,5,1
71049.8,628,44,17640.3,0.4231,81,0,7189.5,8,3,1
64327.97,762,45,27441.86,0.1017,71,0,6455.98,6,6,0
49697.39,653,62,24215.46,0.304,79,0,10359.12,4,6,0
33628.58,647,54,22668.18,0.0932,67,2,8152.57,9,11,1
95579.26,603,44,16608.78,0.1377,73,0,10326.62,6,5,0
76832.95,713,53,23700.61,0.0809,67,0,9489.55,10,7,0
42750.98,845,29,18762.67,0.2637,64,0,12701.0,6,5,1
42623.03,594,46,24578.06,0.3,71,0,10294.69,4,4,0
66605.38,681,63,15030.68,0.028,69,0,7334.33,6,1,1
116725.54,792,39,18174.31,0.2504,81,1,11450.65,6,7,1
68510.22,673,31,10100.42,0.079,90,0,5968.96,5,5,1
37421.43,716,34,19649.92,0.6539,76,0,2766.38,4,4,1
68856.42,595,28,11889.99,0.451,65,0,14.19,5,6,1
68181.91,714,32,8859.54,0.332,81,0,8208.99,8,1,0
7577.83,665,37,22586.61,0.4602,68,0,8931.98,9,3,1
73642.63,758,25,22127.4,0.2214,55,0,35773.01,8,5,0
69226.64,774,42,27828.74,0.4197,72,0,4486.0,11,8,0
92405.16,850,52,15688.74,0.1423,82,0,5010.95,6,5,0
121223.9,726,31,24080.53,0.2562,90,0,2253.96,12,2,0
103164.13,706,60,25507.98,0.1276,89,0,731.45,10,11,0
68277.78,695,48,24447.74,0.7535,76,0,14819.44,8,8,1
47336.85,651,54,11743.46,0.0383,80,0,2872.57,3,3,0
139334.0,707,34,21493.63,0.0839,58,0,9388.04,9,7,0
76480.46,656,52,23641.4,0.1473,66,0,11640.25,6,5,1
75348.23,693,28,20071.78,0.5223,75,0,6372.14,9,3,1
74396.87,785,52,1000.0,0.2407,64,0,20903.17,3,10,0
79952.12,599,44,21604.9,0.1631,61,0,5866.18,6,6,0
71390.99,771,48,42125.31,0.3937,81,0,3353.45,2,7,1
60658.45,785,27,16399.61,0.7314,72,0,22635.14,11,2,0
61328.53,670,31,12719.23,0.198,65,0,19773.49,5,4,1
74181.17,510,49,23733.49,0.4243,75,0,1791.74,3,8,1
61414.38,631,30,23123.78,0.4531,79,0,263.04,5,6,1
57178.86,783,47,31927.35,0.1614,61,0,942.95,3,4,0
77660.76,678,25,7421.32,0.084,76,0,3376.39,9,7,0
68625.57,600,52,27313.8,0.1732,82,0,35848.73,10,5,0
112599.82,639,27,25904.22,0.3488,70,0,8176.14,7,5,1
8725.75,747,48,18578.53,0.2693,70,0,4672.26,12,4,0
102287.67,723,49,23386.87,0.2191,56,0,21956.71,5,7,0
106152.13,660,33,30294.57,0.1384,70,0,6035.56,6,7,0
23165.24,650,48,28723.15,0.1465,66,0,3786.85,3,5,0
66432.81,648,45,8569.81,0.3411,80,0,28339.46,12,2,0
65713.98,606,35,28201.58,0.2266,60,0,18939.1,6,5,1
39812.21,809,29,19353.11,0.2481,63,0,18557.76,12,1,0
55554.58,654,18,20728.74,0.0113,73,0,7180.24,7,3,0
47235.6,777,46,20731.97,0.1796,71,0,15579.77,4,11,1
118806.76,801,23,18497.57,0.5185,65,1,1976.63,4,4,1
98391.96,759,43,31917.07,0.4939,63,0,8514.94,5,6,0
106788.88,645,38,19162.82,0.4679,63,0,41255.83,3,5,1
93041.8,712,50,8804.54,0.4445,71,0,3438.41,8,11,1
46773.71,678,38,16064.7,0.2793,68,0,15815.91,8,5,0
61886.99,607,38,21786.95,0.4597,73,0,6742.83,5,7,1
87234.36,705,50,32292.15,0.1676,68,0,406.2,10,6,0
44446.8,585,46,26030.95,0.4903,85,0,14397.77,7,6,1
92824.96,775,45,11494.65,0.1905,66,0,1846.07,4,7,1
68991.87,642,47,44851.9,0.4283,75,0,9982.43,9,6,1
65629.48,696,23,22647.75,0.3842,76,0,895.57,7,5,1
92774.0,702,51,32753.91,0.247,88,0,29349.65,9,2,0
86106.58,659,49,18482.86,0.0276,62,0,3449.21,7,3,0
65975.85,726,29,25333.59,0.5703,73,1,2567.84,2,2,1
103983.25,642,39,28394.69,0.3629,61,0,1382.7,9,4,1
47973.42,749,41,32181.95,0.272,66,0,29188.12,1,6,0
90398.39,572,40,30573.68,0.3206,81,0,12444.61,7,2,1
89827.53,690,46,28721.97,0.0685,66,0,13534.82,3,6,0
67261.34,835,59,16849.13,0.1452,96,0,6919.57,5,6,0
83153.33,599,54,14282.54,0.4891,84,0,6438.39,4,7,1
43722.16,625,26,23326.08,0.5708,90,1,1165.58,5,5,1
98100.68,721,49,29331.28,0.1221,70,0,8206.19,4,2,1
70377.45,694,57,17772.79,0.3199,74,0,2835.79,2,2,1
61931.92,708,46,30651.72,0.2865,73,0,37786.0,3,7,0
101225.23,719,55,34526.17,0.4254,51,0,15924.87,7,3,1
57391.41,730,66,10836.79,0.2111,71,0,5327.17,0,8,0
39788.47,768,54,11630.79,0.4116,76,0,1640.98,9,3,1
36084.27,712,44,18596.25,0.4492,70,0,15386.61,5,3,1
90150.25,660,54,23076.13,0.2679,73,0,1301.7,4,6,0
42989.27,733,43,14754.33,0.4177,92,0,2098.99,3,6,1
118869.85,831,42,33522.03,0.1501,77,0,2376.49,7,4,0
22951.76,669,37,24240.67,0.4718,60,0,8139.39,3,5,1
117411.41,602,60,20394.47,0.0888,71,0,15467.29,3,7,0
80275.44,768,32,5640.9,0.4679,90,0,3773.37,6,5,1
72582.17,670,60,6841.84,0.4689,74,0,884.7,8,5,0
61377.02,506,47,22810.09,0.3484,68,0,6246.26,5,5,0
84978.4,747,25,1000.0,0.2641,74,0,13787.64,5,4,0
74059.13,637,46,30126.37,0.1839,65,1,2505.97,7,6,1
102582.55,672,18,18418.46,0.4107,90,1,2483.65,5,2,0
77855.69,706,49,52430.93,0.0596,71,0,29417.56,5,4,0
78757.54,695,52,43079.16,0.1816,82,1,30824.61,3,5,1
65909.69,736,34,18185.51,0.3746,81,0,46528.63,10,7,0
73576.36,645,43,18936.63,0.1914,84,0,16484.89,4,3,1
82695.04,721,65,29955.82,0.2121,62,0,2084.82,7,9,1
32245.79,659,35,37031.73,0.294,67,0,2382.34,6,2,1
41295.36,739,29,3619.71,0.2775,83,0,4158.57,4,3,0
93581.6,729,59,2136.25,0.0859,69,0,3829.2,7,6,0
79271.64,605,65,13779.65,0.2337,69,0,31356.32,6,5,1
70400.42,766,42,25827.38,0.3319,68,0,15562.48,3,7,0
75460.85,637,54,24968.74,0.431,90,0,12873.86,12,2,1
83689.54,744,58,30697.71,0.5405,63,0,2057.5,8,8,1
61506.01,709,33,8003.02,0.3625,69,0,24026.88,3,7,1
55542.38,827,36,1000.0,0.0305,66,0,17595.07,8,2,0
79896.13,662,56,28580.14,0.681,80,1,1786.98,6,6,1
50540.68,652,62,11718.04,0.3759,60,0,20492.64,7,3,1
85206.32,678,48,1000.0,0.212,79,0,3177.94,5,4,0
32435.41,655,31,21450.64,0.2384,79,0,843.27,7,5,1
100728.89,743,65,27931.76,0.3456,79,0,10695.07,10,4,1
86814.94,550,35,18779.43,0.1365,65,0,10607.52,4,6,1
81400.74,595,37,15421.52,0.1216,70,1,997.45,4,5,0
99567.27,594,46,18406.38,0.2601,68,0,3839.75,5,6,1
116636.86,756,60,16294.17,0.6853,88,0,49356.85,5,3,1
100359.25,816,52,6519.53,0.4037,80,0,11345.3,5,4,0
28978.14,671,46,12853.19,0.1259,86,0,13096.12,14,3,1
43010.58,666,47,25212.8,0.0137,78,0,2394.22,10,4,0
59379.54,685,42,23216.79,0.117,65,0,820.59,7,4,0
75652.28,772,48,21680.6,0.3328,70,0,3242.1,6,5,0
87941.48,605,18,10048.52,0.2076,75,0,2862.14,2,4,1
56856.4,699,38,18184.97,0.4595,66,0,2672.84,3,6,1
79669.17,758,44,1000.0,0.1415,76,0,2141.27,9,5,0
56115.43,720,28,21784.77,0.2541,80,0,8550.91,8,7,0
59712.05,695,46,34288.58,0.5068,79,0,3976.51,3,5,1
39833.47,760,39,5258.68,0.1377,67,1,17167.17,7,5,0
51919.17,463,63,14140.72,0.1797,62,0,2032.76,7,6,0
41207.88,734,60,23291.07,0.2464,84,0,6247.92,4,3,1
50603.17,627,36,32528.43,0.3166,82,0,137.52,8,7,1
101341.04,533,40,15517.75,0.2635,63,0,6571.67,10,6,0
51265.03,720,41,13077.5,0.0623,72,0,574.58,12,7,0
140809.55,789,36,1000.0,0.1343,60,0,38042.24,5,7,0
87332.95,669,44,21034.38,0.2198,57,0,15634.71,6,5,0
79620.9,756,32,40420.76,0.2066,70,0,6735.63,7,5,0
53541.06,808,28,22773.58,0.4881,87,0,905.68,6,5,1
92507.75,785,49,19777.21,0.5759,79,1,8975.8,6,7,1
60609.05,811,49,23220.82,0.5099,77,0,14219.79,4,3,0
78050.25,739,32,19889.08,0.1231,89,0,2116.07,7,6,0
139002.11,686,52,11869.86,0.5341,81,0,8398.12,3,6,1
72598.5,551,34,28232.8,0.3,59,0,16831.43,6,3,1
103731.83,660,45,22257.62,0.203,63,0,14620.86,5,8,0
57420.59,612,51,20176.13,0.261,81,0,16245.11,4,7,0
74125.29,850,41,10246.34,0.3491,72,0,21146.41,2,3,0
119270.02,665,47,33035.08,0.5448,84,0,27755.07,6,4,0
59325.82,689,35,26647.03,0.4105,67,0,5200.7,8,2,1
120311.21,724,39,14470.79,0.0266,65,1,8411.12,7,4,1
92693.8,683,39,30018.25,0.5846,72,0,15637.93,2,3,1
60938.33,815,33,15024.29,0.0482,85,0,11944.84,11,5,0
90810.19,630,39,12179.97,0.362,63,0,54081.83,9,6,0
99313.86,695,23,12402.97,0.4445,70,1,137.72,6,6,1
90545.25,620,36,2289.31,0.4159,85,0,4387.12,7,4,1
35744.38,574,38,24715.42,0.0884,65,0,3299.33,8,4,0
56821.57,631,38,1688.55,0.4716,75,0,3042.4,7,5,1
68812.03,677,39,7715.56,0.3368,76,0,2517.1,3,8,0
73139.16,645,41,1000.0,0.1946,61,0,12348.58,6,5,0
90516.8,624,47,19139.3,0.1509,64,2,885.68,6,8,1
79442.53,567,52,18496.8,0.3405,55,0,13532.81,6,2,0
41616.39,673,34,16733.04,0.3587,77,0,11822.96,8,7,1
84504.95,559,27,9574.22,0.0851,75,0,2887.55,7,11,1
90264.64,740,29,8277.66,0.37,67,0,2914.68,8,4,1
88994.76,686,36,24643.7,0.448,75,0,9911.78,1,6,1
102019.52,563,37,14494.48,0.0767,73,1,14362.04,8,3,0
95848.05,655,32,23163.58,0.4168,62,0,20913.98,4,3,1
86479.5,619,26,11147.51,0.4642,68,1,19114.86,7,1,1
73245.86,705,36,21810.63,0.199,79,0,33490.7,4,3,1
33475.98,787,44,33032.78,0.6399,89,0,8708.03,8,6,1
85740.46,529,49,25861.66,0.1548,70,0,23931.18,5,3,0
80192.19,689,35,15875.86,0.2059,73,0,16529.37,7,2,0
81789.47,667,37,22571.99,0.1557,54,0,22506.34,5,6,0
43081.29,733,30,17593.35,0.5889,67,0,116.95,9,4,0
47973.59,697,41,20078.8,0.2338,76,0,33785.46,8,3,1
101328.82,619,31,16743.89,0.2133,73,0,6415.61,3,6,0
74011.12,654,48,18356.65,0.1286,84,0,16003.94,4,2,0
92037.52,616,20,22120.93,0.5364,68,0,1360.54,9,3,1
75707.96,766,37,10066.41,0.1572,82,0,5040.84,4,10,0
75743.9,681,45,9841.21,0.1727,78,0,3167.14,1,7,1
